keyword,Search Volume,Competing Products,value_score
surethivan chicken shredder large,92,205,0.9984575535108234
easy chicken shredder,173,505,0.9959190839383407
gadgets best sellers 2024,143,132,0.9994647064120956
black and decker handy chopper plus,156,129,0.9995658326118138
gifts for foodies and cooks,57,8000,0.9262152809505303
chicken sheedder,371,532,0.9967314024697113
chicken shredder device,101,254,0.9980187664749753
food prep gifts,20,10000,0.9091905912046483
kitchen mini chopper,115,4000,0.9621447013167316
best sellers in home and kitchen,0,30000,0.7692307692307692
amazon chicken shredder,432,315,0.9992209011837168
wedding registry gifts for men,119,353,0.9971325415627071
chicken shreader,447,527,0.9971954646674827
chicken shredder tool twist best seller,34,264,0.9975528659864883
chicken shreder,403,522,0.997005087494311
chicken ahredder,371,515,0.9968999786408497
chicken sreader,44,518,0.9950866817040223
rotary chicken shredder,83,277,0.9976914435505848
chopper 1,0,3000,0.970873786407767
turkey shredder,149,349,0.9973361916133628
garlic blender mini,87,394,0.9965505696697436
top selling items on amazon,439,30000,0.7710821727971038
choper,462,296,0.9995741829286463
mini blender food processor,735,771,0.9963478078493917
toastmaster mini chopper,368,88,1.0011365658041755
surethivan chicken shredder,73,199,0.9984133810583571
suretivian chicken shredder large chicken breast shredder tool twist,175,219,0.9987721293813955
mini food grinder,236,1000,0.9913800731052831
meat shredded tool,276,691,0.9946402106311015
most used kitchen items,89,30000,0.7696061107282721
mini onion chopper,290,736,0.9942720871526977
peaho chicken shredder,0,227,0.9977351412294092
chicken schredder,231,497,0.9963147768142907
the ultimate chopper,0,377,0.9962441595186148
chicken dhredder,36,523,0.9949935542962345
meat shredders for home use,30,674,0.9934684978124141
mini veggie chopper,34,697,0.993263359933953
kitchen gifts under 50,175,3000,0.9718052818880977
black decker chopper,299,238,0.9992610311064093
salsa blender,390,4000,0.9635944051343343
shredder for meat,16,1000,0.9901858616436541
mini choppers for the kitchen,148,385,0.9969730661013477
chocken shredder,20,484,0.9952924349400036
food processor small mini,329,657,0.9952648577328078
top products on amazon 2024,161,729,0.9936390563960341
black and decker chopper,415,265,0.9996262347240803
mens must haves 2024,15,316,0.996931932836073
chicken shredder amaztify,134,248,0.9982589749204557
shredded chicken tool,510,459,0.9982142797463512
garlic processor,217,1000,0.9912769366608697
food chopper black and decker,175,341,0.9975577683546514
black and decker chopper mini,35,196,0.9982353467892413
shred chicken tool,387,518,0.9969574939721649
the chicken shredder,48,516,0.9951282987586768
best chicken shredder tool,48,503,0.995257017979833
radwish chicken shredder,299,224,0.9994006149828809
chicken shredder tool,3139,453,1.0126224388783998
black and decker mini chopper,361,193,1.0000490936176116
advanced mini chopper,139,189,0.9988741975262122
cooking idea gifts,37,100000,0.5001014265507298
handy chopper black and decker,182,156,0.9994386935965196
shredder chicken,440,478,0.9976435708836667
picalo todo,0,26,0.9997400675824286
chicken grinder,678,1000,0.9937793524963742
giant grinder for chicken,67,7000,0.9349227369991862
rival mini chopper,0,147,0.9985321577281395
chicken shredder,182398,523,1.989594421177243
meat shredded,63,281,0.9975423046480456
circle chicken shredder,185,254,0.9984781310544191
vegetable chopper small,290,5000,0.9538951711563252
everyday use gifts,143,100000,0.5003919999122798
small veggie chopper,373,3000,0.9728592024887004
mini electric food processor,306,507,0.9966247624287187
chicken meat shredder twist,72,386,0.9965480656370486
chicken mincer shredder,400,0,1.0021930065022642
food blender small,413,80000,0.5568134884519932
chicken shredde,67,509,0.9953012452508027
chicken shreeder,314,504,0.9966981514211152
onion blender,141,713,0.9936880390734545
rotating meat shredder,0,449,0.9955300699857638
